template,title_candidate,slot_mapping,slot_scores,SITUATION_top_keywords,TOPIC_top_keywords,SITUATION_top_scores,TOPIC_top_scores,EVENT_top_keywords,EVENT_top_scores,ENG_top_keywords,SERIES_top_keywords,ENG_top_scores,SERIES_top_scores,REACTION_top_keywords,REACTION_top_scores
{TOPIC} {SITUATION},게임 탐험하기,"{'SITUATION': '탐험하기', 'TOPIC': '게임'}","{'SITUATION': 1.9719556352187482, 'TOPIC': 10.797038545902257}","['탐험하기', '살펴보기', '전국일주', '낉여오너라', '하루 탕진']","['게임', '마인크래프트']","[1.9719556352187482, 0.8654333333333333, 0.7804, 0.7717333333333334, 0.5785]","[10.797038545902257, 7.72248646885021]",[],[],[],[],[],[],[],[]
{TOPIC} {SITUATION},마인크래프트 탐험하기,"{'SITUATION': '탐험하기', 'TOPIC': '마인크래프트'}","{'SITUATION': 1.9719556352187482, 'TOPIC': 7.72248646885021}","['탐험하기', '살펴보기', '전국일주', '낉여오너라', '하루 탕진']","['게임', '마인크래프트']","[1.9719556352187482, 0.8654333333333333, 0.7804, 0.7717333333333334, 0.5785]","[10.797038545902257, 7.72248646885021]",[],[],[],[],[],[],[],[]
{TOPIC} {SITUATION},게임 살펴보기,"{'SITUATION': '살펴보기', 'TOPIC': '게임'}","{'SITUATION': 0.8654333333333333, 'TOPIC': 10.797038545902257}","['탐험하기', '살펴보기', '전국일주', '낉여오너라', '하루 탕진']","['게임', '마인크래프트']","[1.9719556352187482, 0.8654333333333333, 0.7804, 0.7717333333333334, 0.5785]","[10.797038545902257, 7.72248646885021]",[],[],[],[],[],[],[],[]
{TOPIC} {SITUATION},마인크래프트 살펴보기,"{'SITUATION': '살펴보기', 'TOPIC': '마인크래프트'}","{'SITUATION': 0.8654333333333333, 'TOPIC': 7.72248646885021}","['탐험하기', '살펴보기', '전국일주', '낉여오너라', '하루 탕진']","['게임', '마인크래프트']","[1.9719556352187482, 0.8654333333333333, 0.7804, 0.7717333333333334, 0.5785]","[10.797038545902257, 7.72248646885021]",[],[],[],[],[],[],[],[]
{TOPIC} {SITUATION},게임 전국일주,"{'SITUATION': '전국일주', 'TOPIC': '게임'}","{'SITUATION': 0.7804, 'TOPIC': 10.797038545902257}","['탐험하기', '살펴보기', '전국일주', '낉여오너라', '하루 탕진']","['게임', '마인크래프트']","[1.9719556352187482, 0.8654333333333333, 0.7804, 0.7717333333333334, 0.5785]","[10.797038545902257, 7.72248646885021]",[],[],[],[],[],[],[],[]
{TOPIC} {SITUATION},마인크래프트 전국일주,"{'SITUATION': '전국일주', 'TOPIC': '마인크래프트'}","{'SITUATION': 0.7804, 'TOPIC': 7.72248646885021}","['탐험하기', '살펴보기', '전국일주', '낉여오너라', '하루 탕진']","['게임', '마인크래프트']","[1.9719556352187482, 0.8654333333333333, 0.7804, 0.7717333333333334, 0.5785]","[10.797038545902257, 7.72248646885021]",[],[],[],[],[],[],[],[]
{TOPIC} {SITUATION},게임 낉여오너라,"{'SITUATION': '낉여오너라', 'TOPIC': '게임'}","{'SITUATION': 0.7717333333333334, 'TOPIC': 10.797038545902257}","['탐험하기', '살펴보기', '전국일주', '낉여오너라', '하루 탕진']","['게임', '마인크래프트']","[1.9719556352187482, 0.8654333333333333, 0.7804, 0.7717333333333334, 0.5785]","[10.797038545902257, 7.72248646885021]",[],[],[],[],[],[],[],[]
{TOPIC} {SITUATION},마인크래프트 낉여오너라,"{'SITUATION': '낉여오너라', 'TOPIC': '마인크래프트'}","{'SITUATION': 0.7717333333333334, 'TOPIC': 7.72248646885021}","['탐험하기', '살펴보기', '전국일주', '낉여오너라', '하루 탕진']","['게임', '마인크래프트']","[1.9719556352187482, 0.8654333333333333, 0.7804, 0.7717333333333334, 0.5785]","[10.797038545902257, 7.72248646885021]",[],[],[],[],[],[],[],[]
{TOPIC} {SITUATION},게임 하루 탕진,"{'SITUATION': '하루 탕진', 'TOPIC': '게임'}","{'SITUATION': 0.5785, 'TOPIC': 10.797038545902257}","['탐험하기', '살펴보기', '전국일주', '낉여오너라', '하루 탕진']","['게임', '마인크래프트']","[1.9719556352187482, 0.8654333333333333, 0.7804, 0.7717333333333334, 0.5785]","[10.797038545902257, 7.72248646885021]",[],[],[],[],[],[],[],[]
{TOPIC} {SITUATION},마인크래프트 하루 탕진,"{'SITUATION': '하루 탕진', 'TOPIC': '마인크래프트'}","{'SITUATION': 0.5785, 'TOPIC': 7.72248646885021}","['탐험하기', '살펴보기', '전국일주', '낉여오너라', '하루 탕진']","['게임', '마인크래프트']","[1.9719556352187482, 0.8654333333333333, 0.7804, 0.7717333333333334, 0.5785]","[10.797038545902257, 7.72248646885021]",[],[],[],[],[],[],[],[]
{SITUATION} {TOPIC},대결 미래,"{'{SITUATION}': '몰아보기', '{TOPIC}': '단순노동', 'SITUATION': '대결', 'TOPIC': '미래'}","{'{SITUATION}': 4.338137663096447, '{TOPIC}': 2.355669973749656, 'SITUATION': 4.109974423733986, 'TOPIC': 2.5929541456038034}","['대결', '맞히기', '틀어놓고', '그냥 내비대로 가주세요']","['미래', '기념일', '개유치한']","[4.109974423733986, 4.109974423733986, 2.4014153218814025, 1.2717683586922686]","[2.5929541456038034, 2.5929541456038034, 1.2569333333333332]",[],[],[],[],[],[],[],[]
{SITUATION} {TOPIC},대결 기념일,"{'{SITUATION}': '몰아보기', '{TOPIC}': '단순노동', 'SITUATION': '대결', 'TOPIC': '기념일'}","{'{SITUATION}': 4.338137663096447, '{TOPIC}': 2.355669973749656, 'SITUATION': 4.109974423733986, 'TOPIC': 2.5929541456038034}","['대결', '맞히기', '틀어놓고', '그냥 내비대로 가주세요']","['미래', '기념일', '개유치한']","[4.109974423733986, 4.109974423733986, 2.4014153218814025, 1.2717683586922686]","[2.5929541456038034, 2.5929541456038034, 1.2569333333333332]",[],[],[],[],[],[],[],[]
{SITUATION} {TOPIC},대결 개유치한,"{'{SITUATION}': '몰아보기', '{TOPIC}': '단순노동', 'SITUATION': '대결', 'TOPIC': '개유치한'}","{'{SITUATION}': 4.338137663096447, '{TOPIC}': 2.355669973749656, 'SITUATION': 4.109974423733986, 'TOPIC': 1.2569333333333332}","['대결', '맞히기', '틀어놓고', '그냥 내비대로 가주세요']","['미래', '기념일', '개유치한']","[4.109974423733986, 4.109974423733986, 2.4014153218814025, 1.2717683586922686]","[2.5929541456038034, 2.5929541456038034, 1.2569333333333332]",[],[],[],[],[],[],[],[]
{SITUATION} {TOPIC},맞히기 미래,"{'{SITUATION}': '몰아보기', '{TOPIC}': '단순노동', 'SITUATION': '맞히기', 'TOPIC': '미래'}","{'{SITUATION}': 4.338137663096447, '{TOPIC}': 2.355669973749656, 'SITUATION': 4.109974423733986, 'TOPIC': 2.5929541456038034}","['대결', '맞히기', '틀어놓고', '그냥 내비대로 가주세요']","['미래', '기념일', '개유치한']","[4.109974423733986, 4.109974423733986, 2.4014153218814025, 1.2717683586922686]","[2.5929541456038034, 2.5929541456038034, 1.2569333333333332]",[],[],[],[],[],[],[],[]
{SITUATION} {TOPIC},맞히기 기념일,"{'{SITUATION}': '몰아보기', '{TOPIC}': '단순노동', 'SITUATION': '맞히기', 'TOPIC': '기념일'}","{'{SITUATION}': 4.338137663096447, '{TOPIC}': 2.355669973749656, 'SITUATION': 4.109974423733986, 'TOPIC': 2.5929541456038034}","['대결', '맞히기', '틀어놓고', '그냥 내비대로 가주세요']","['미래', '기념일', '개유치한']","[4.109974423733986, 4.109974423733986, 2.4014153218814025, 1.2717683586922686]","[2.5929541456038034, 2.5929541456038034, 1.2569333333333332]",[],[],[],[],[],[],[],[]
{SITUATION} {TOPIC},맞히기 개유치한,"{'{SITUATION}': '몰아보기', '{TOPIC}': '단순노동', 'SITUATION': '맞히기', 'TOPIC': '개유치한'}","{'{SITUATION}': 4.338137663096447, '{TOPIC}': 2.355669973749656, 'SITUATION': 4.109974423733986, 'TOPIC': 1.2569333333333332}","['대결', '맞히기', '틀어놓고', '그냥 내비대로 가주세요']","['미래', '기념일', '개유치한']","[4.109974423733986, 4.109974423733986, 2.4014153218814025, 1.2717683586922686]","[2.5929541456038034, 2.5929541456038034, 1.2569333333333332]",[],[],[],[],[],[],[],[]
{SITUATION} {TOPIC},틀어놓고 미래,"{'{SITUATION}': '몰아보기', '{TOPIC}': '단순노동', 'SITUATION': '틀어놓고', 'TOPIC': '미래'}","{'{SITUATION}': 4.338137663096447, '{TOPIC}': 2.355669973749656, 'SITUATION': 2.4014153218814025, 'TOPIC': 2.5929541456038034}","['대결', '맞히기', '틀어놓고', '그냥 내비대로 가주세요']","['미래', '기념일', '개유치한']","[4.109974423733986, 4.109974423733986, 2.4014153218814025, 1.2717683586922686]","[2.5929541456038034, 2.5929541456038034, 1.2569333333333332]",[],[],[],[],[],[],[],[]
{SITUATION} {TOPIC},틀어놓고 기념일,"{'{SITUATION}': '몰아보기', '{TOPIC}': '단순노동', 'SITUATION': '틀어놓고', 'TOPIC': '기념일'}","{'{SITUATION}': 4.338137663096447, '{TOPIC}': 2.355669973749656, 'SITUATION': 2.4014153218814025, 'TOPIC': 2.5929541456038034}","['대결', '맞히기', '틀어놓고', '그냥 내비대로 가주세요']","['미래', '기념일', '개유치한']","[4.109974423733986, 4.109974423733986, 2.4014153218814025, 1.2717683586922686]","[2.5929541456038034, 2.5929541456038034, 1.2569333333333332]",[],[],[],[],[],[],[],[]
{SITUATION} {TOPIC},틀어놓고 개유치한,"{'{SITUATION}': '몰아보기', '{TOPIC}': '단순노동', 'SITUATION': '틀어놓고', 'TOPIC': '개유치한'}","{'{SITUATION}': 4.338137663096447, '{TOPIC}': 2.355669973749656, 'SITUATION': 2.4014153218814025, 'TOPIC': 1.2569333333333332}","['대결', '맞히기', '틀어놓고', '그냥 내비대로 가주세요']","['미래', '기념일', '개유치한']","[4.109974423733986, 4.109974423733986, 2.4014153218814025, 1.2717683586922686]","[2.5929541456038034, 2.5929541456038034, 1.2569333333333332]",[],[],[],[],[],[],[],[]
{SITUATION} {TOPIC},그냥 내비대로 가주세요 미래,"{'{SITUATION}': '몰아보기', '{TOPIC}': '단순노동', 'SITUATION': '그냥 내비대로 가주세요', 'TOPIC': '미래'}","{'{SITUATION}': 4.338137663096447, '{TOPIC}': 2.355669973749656, 'SITUATION': 1.2717683586922686, 'TOPIC': 2.5929541456038034}","['대결', '맞히기', '틀어놓고', '그냥 내비대로 가주세요']","['미래', '기념일', '개유치한']","[4.109974423733986, 4.109974423733986, 2.4014153218814025, 1.2717683586922686]","[2.5929541456038034, 2.5929541456038034, 1.2569333333333332]",[],[],[],[],[],[],[],[]
{SITUATION} {TOPIC},그냥 내비대로 가주세요 기념일,"{'{SITUATION}': '몰아보기', '{TOPIC}': '단순노동', 'SITUATION': '그냥 내비대로 가주세요', 'TOPIC': '기념일'}","{'{SITUATION}': 4.338137663096447, '{TOPIC}': 2.355669973749656, 'SITUATION': 1.2717683586922686, 'TOPIC': 2.5929541456038034}","['대결', '맞히기', '틀어놓고', '그냥 내비대로 가주세요']","['미래', '기념일', '개유치한']","[4.109974423733986, 4.109974423733986, 2.4014153218814025, 1.2717683586922686]","[2.5929541456038034, 2.5929541456038034, 1.2569333333333332]",[],[],[],[],[],[],[],[]
{SITUATION} {TOPIC},그냥 내비대로 가주세요 개유치한,"{'{SITUATION}': '몰아보기', '{TOPIC}': '단순노동', 'SITUATION': '그냥 내비대로 가주세요', 'TOPIC': '개유치한'}","{'{SITUATION}': 4.338137663096447, '{TOPIC}': 2.355669973749656, 'SITUATION': 1.2717683586922686, 'TOPIC': 1.2569333333333332}","['대결', '맞히기', '틀어놓고', '그냥 내비대로 가주세요']","['미래', '기념일', '개유치한']","[4.109974423733986, 4.109974423733986, 2.4014153218814025, 1.2717683586922686]","[2.5929541456038034, 2.5929541456038034, 1.2569333333333332]",[],[],[],[],[],[],[],[]
{TOPIC} {EVENT},퇴사자 당근마켓 레전드,"{'EVENT': '당근마켓 레전드', 'TOPIC': '퇴사자'}","{'EVENT': 0.8308, 'TOPIC': 2.583630776545783}",[],"['퇴사자', '심연의 끝', '구원']",[],"[2.583630776545783, 2.583630776545783, 0.6666666666666666]","['당근마켓 레전드', '걸스나잇', '킬', '워크샵', 'Best']","[0.8308, 0.6609, 0.5, 0.5, 0.45]",[],[],[],[],[],[]
{TOPIC} {EVENT},심연의 끝 당근마켓 레전드,"{'EVENT': '당근마켓 레전드', 'TOPIC': '심연의 끝'}","{'EVENT': 0.8308, 'TOPIC': 2.583630776545783}",[],"['퇴사자', '심연의 끝', '구원']",[],"[2.583630776545783, 2.583630776545783, 0.6666666666666666]","['당근마켓 레전드', '걸스나잇', '킬', '워크샵', 'Best']","[0.8308, 0.6609, 0.5, 0.5, 0.45]",[],[],[],[],[],[]
{TOPIC} {EVENT},구원 당근마켓 레전드,"{'EVENT': '당근마켓 레전드', 'TOPIC': '구원'}","{'EVENT': 0.8308, 'TOPIC': 0.6666666666666666}",[],"['퇴사자', '심연의 끝', '구원']",[],"[2.583630776545783, 2.583630776545783, 0.6666666666666666]","['당근마켓 레전드', '걸스나잇', '킬', '워크샵', 'Best']","[0.8308, 0.6609, 0.5, 0.5, 0.45]",[],[],[],[],[],[]
{TOPIC} {EVENT},퇴사자 걸스나잇,"{'EVENT': '걸스나잇', 'TOPIC': '퇴사자'}","{'EVENT': 0.6609, 'TOPIC': 2.583630776545783}",[],"['퇴사자', '심연의 끝', '구원']",[],"[2.583630776545783, 2.583630776545783, 0.6666666666666666]","['당근마켓 레전드', '걸스나잇', '킬', '워크샵', 'Best']","[0.8308, 0.6609, 0.5, 0.5, 0.45]",[],[],[],[],[],[]
{TOPIC} {EVENT},심연의 끝 걸스나잇,"{'EVENT': '걸스나잇', 'TOPIC': '심연의 끝'}","{'EVENT': 0.6609, 'TOPIC': 2.583630776545783}",[],"['퇴사자', '심연의 끝', '구원']",[],"[2.583630776545783, 2.583630776545783, 0.6666666666666666]","['당근마켓 레전드', '걸스나잇', '킬', '워크샵', 'Best']","[0.8308, 0.6609, 0.5, 0.5, 0.45]",[],[],[],[],[],[]
{TOPIC} {EVENT},구원 걸스나잇,"{'EVENT': '걸스나잇', 'TOPIC': '구원'}","{'EVENT': 0.6609, 'TOPIC': 0.6666666666666666}",[],"['퇴사자', '심연의 끝', '구원']",[],"[2.583630776545783, 2.583630776545783, 0.6666666666666666]","['당근마켓 레전드', '걸스나잇', '킬', '워크샵', 'Best']","[0.8308, 0.6609, 0.5, 0.5, 0.45]",[],[],[],[],[],[]
{TOPIC} {EVENT},퇴사자 킬,"{'EVENT': '킬', 'TOPIC': '퇴사자'}","{'EVENT': 0.5, 'TOPIC': 2.583630776545783}",[],"['퇴사자', '심연의 끝', '구원']",[],"[2.583630776545783, 2.583630776545783, 0.6666666666666666]","['당근마켓 레전드', '걸스나잇', '킬', '워크샵', 'Best']","[0.8308, 0.6609, 0.5, 0.5, 0.45]",[],[],[],[],[],[]
{TOPIC} {EVENT},심연의 끝 킬,"{'EVENT': '킬', 'TOPIC': '심연의 끝'}","{'EVENT': 0.5, 'TOPIC': 2.583630776545783}",[],"['퇴사자', '심연의 끝', '구원']",[],"[2.583630776545783, 2.583630776545783, 0.6666666666666666]","['당근마켓 레전드', '걸스나잇', '킬', '워크샵', 'Best']","[0.8308, 0.6609, 0.5, 0.5, 0.45]",[],[],[],[],[],[]
{TOPIC} {EVENT},구원 킬,"{'EVENT': '킬', 'TOPIC': '구원'}","{'EVENT': 0.5, 'TOPIC': 0.6666666666666666}",[],"['퇴사자', '심연의 끝', '구원']",[],"[2.583630776545783, 2.583630776545783, 0.6666666666666666]","['당근마켓 레전드', '걸스나잇', '킬', '워크샵', 'Best']","[0.8308, 0.6609, 0.5, 0.5, 0.45]",[],[],[],[],[],[]
{TOPIC} {EVENT},퇴사자 워크샵,"{'EVENT': '워크샵', 'TOPIC': '퇴사자'}","{'EVENT': 0.5, 'TOPIC': 2.583630776545783}",[],"['퇴사자', '심연의 끝', '구원']",[],"[2.583630776545783, 2.583630776545783, 0.6666666666666666]","['당근마켓 레전드', '걸스나잇', '킬', '워크샵', 'Best']","[0.8308, 0.6609, 0.5, 0.5, 0.45]",[],[],[],[],[],[]
{TOPIC} {EVENT},심연의 끝 워크샵,"{'EVENT': '워크샵', 'TOPIC': '심연의 끝'}","{'EVENT': 0.5, 'TOPIC': 2.583630776545783}",[],"['퇴사자', '심연의 끝', '구원']",[],"[2.583630776545783, 2.583630776545783, 0.6666666666666666]","['당근마켓 레전드', '걸스나잇', '킬', '워크샵', 'Best']","[0.8308, 0.6609, 0.5, 0.5, 0.45]",[],[],[],[],[],[]
{TOPIC} {EVENT},구원 워크샵,"{'EVENT': '워크샵', 'TOPIC': '구원'}","{'EVENT': 0.5, 'TOPIC': 0.6666666666666666}",[],"['퇴사자', '심연의 끝', '구원']",[],"[2.583630776545783, 2.583630776545783, 0.6666666666666666]","['당근마켓 레전드', '걸스나잇', '킬', '워크샵', 'Best']","[0.8308, 0.6609, 0.5, 0.5, 0.45]",[],[],[],[],[],[]
{TOPIC} {EVENT},퇴사자 Best,"{'EVENT': 'Best', 'TOPIC': '퇴사자'}","{'EVENT': 0.45, 'TOPIC': 2.583630776545783}",[],"['퇴사자', '심연의 끝', '구원']",[],"[2.583630776545783, 2.583630776545783, 0.6666666666666666]","['당근마켓 레전드', '걸스나잇', '킬', '워크샵', 'Best']","[0.8308, 0.6609, 0.5, 0.5, 0.45]",[],[],[],[],[],[]
{TOPIC} {EVENT},심연의 끝 Best,"{'EVENT': 'Best', 'TOPIC': '심연의 끝'}","{'EVENT': 0.45, 'TOPIC': 2.583630776545783}",[],"['퇴사자', '심연의 끝', '구원']",[],"[2.583630776545783, 2.583630776545783, 0.6666666666666666]","['당근마켓 레전드', '걸스나잇', '킬', '워크샵', 'Best']","[0.8308, 0.6609, 0.5, 0.5, 0.45]",[],[],[],[],[],[]
{TOPIC} {EVENT},구원 Best,"{'EVENT': 'Best', 'TOPIC': '구원'}","{'EVENT': 0.45, 'TOPIC': 0.6666666666666666}",[],"['퇴사자', '심연의 끝', '구원']",[],"[2.583630776545783, 2.583630776545783, 0.6666666666666666]","['당근마켓 레전드', '걸스나잇', '킬', '워크샵', 'Best']","[0.8308, 0.6609, 0.5, 0.5, 0.45]",[],[],[],[],[],[]
{SERIES} {TOPIC} {ENG},[한화 이글스] 노래 모음 플리,"{'ENG': '플리', 'SERIES': '한화 이글스', 'TOPIC': '노래 모음'}","{'ENG': 9.873686709490261, 'SERIES': 0.0, 'TOPIC': 0.469}",[],['노래 모음'],[],[0.469],[],[],['플리'],"['한화 이글스', 'KIA 타이거즈', 'LG TWINS']",[9.873686709490261],"[1.6554, 1.6554, 0.4]",[],[]
{SERIES} {TOPIC} {ENG},[KIA 타이거즈] 노래 모음 플리,"{'ENG': '플리', 'SERIES': 'KIA 타이거즈', 'TOPIC': '노래 모음'}","{'ENG': 9.873686709490261, 'SERIES': 0.0, 'TOPIC': 0.469}",[],['노래 모음'],[],[0.469],[],[],['플리'],"['한화 이글스', 'KIA 타이거즈', 'LG TWINS']",[9.873686709490261],"[1.6554, 1.6554, 0.4]",[],[]
{SERIES} {TOPIC} {ENG},[LG TWINS] 노래 모음 플리,"{'ENG': '플리', 'SERIES': 'LG TWINS', 'TOPIC': '노래 모음'}","{'ENG': 9.873686709490261, 'SERIES': 0.0, 'TOPIC': 0.469}",[],['노래 모음'],[],[0.469],[],[],['플리'],"['한화 이글스', 'KIA 타이거즈', 'LG TWINS']",[9.873686709490261],"[1.6554, 1.6554, 0.4]",[],[]
{SERIES} {TOPIC} {EVENT},[예고] 다크소울 플레이리스트,"{'EVENT': '플레이리스트', 'SERIES': '예고', 'TOPIC': '다크소울'}","{'EVENT': 10.445084341488096, 'SERIES': 0.0, 'TOPIC': 1.6448043173027425}",[],"['다크소울', '고민중독', '아이디어']",[],"[1.6448043173027425, 1.6448043173027425, 0.5734]","['플레이리스트', '브이로그', '플리', '먹방', '모음']","[10.445084341488096, 10.04235055883371, 9.873686709490261, 9.120266514199706, 8.83435318512114]",[],"['예고', '다크소울']",[],"[5.824363598380749, 5.824363598380749]",[],[]
{SERIES} {TOPIC} {EVENT},[예고] 고민중독 플레이리스트,"{'EVENT': '플레이리스트', 'SERIES': '예고', 'TOPIC': '고민중독'}","{'EVENT': 10.445084341488096, 'SERIES': 0.0, 'TOPIC': 1.6448043173027425}",[],"['다크소울', '고민중독', '아이디어']",[],"[1.6448043173027425, 1.6448043173027425, 0.5734]","['플레이리스트', '브이로그', '플리', '먹방', '모음']","[10.445084341488096, 10.04235055883371, 9.873686709490261, 9.120266514199706, 8.83435318512114]",[],"['예고', '다크소울']",[],"[5.824363598380749, 5.824363598380749]",[],[]
{SERIES} {TOPIC} {EVENT},[예고] 아이디어 플레이리스트,"{'EVENT': '플레이리스트', 'SERIES': '예고', 'TOPIC': '아이디어'}","{'EVENT': 10.445084341488096, 'SERIES': 0.0, 'TOPIC': 0.5734}",[],"['다크소울', '고민중독', '아이디어']",[],"[1.6448043173027425, 1.6448043173027425, 0.5734]","['플레이리스트', '브이로그', '플리', '먹방', '모음']","[10.445084341488096, 10.04235055883371, 9.873686709490261, 9.120266514199706, 8.83435318512114]",[],"['예고', '다크소울']",[],"[5.824363598380749, 5.824363598380749]",[],[]
{SERIES} {TOPIC} {EVENT},[다크소울] 다크소울 플레이리스트,"{'EVENT': '플레이리스트', 'SERIES': '다크소울', 'TOPIC': '다크소울'}","{'EVENT': 10.445084341488096, 'SERIES': 0.0, 'TOPIC': 1.6448043173027425}",[],"['다크소울', '고민중독', '아이디어']",[],"[1.6448043173027425, 1.6448043173027425, 0.5734]","['플레이리스트', '브이로그', '플리', '먹방', '모음']","[10.445084341488096, 10.04235055883371, 9.873686709490261, 9.120266514199706, 8.83435318512114]",[],"['예고', '다크소울']",[],"[5.824363598380749, 5.824363598380749]",[],[]
{SERIES} {TOPIC} {EVENT},[다크소울] 고민중독 플레이리스트,"{'EVENT': '플레이리스트', 'SERIES': '다크소울', 'TOPIC': '고민중독'}","{'EVENT': 10.445084341488096, 'SERIES': 0.0, 'TOPIC': 1.6448043173027425}",[],"['다크소울', '고민중독', '아이디어']",[],"[1.6448043173027425, 1.6448043173027425, 0.5734]","['플레이리스트', '브이로그', '플리', '먹방', '모음']","[10.445084341488096, 10.04235055883371, 9.873686709490261, 9.120266514199706, 8.83435318512114]",[],"['예고', '다크소울']",[],"[5.824363598380749, 5.824363598380749]",[],[]
{SERIES} {TOPIC} {EVENT},[다크소울] 아이디어 플레이리스트,"{'EVENT': '플레이리스트', 'SERIES': '다크소울', 'TOPIC': '아이디어'}","{'EVENT': 10.445084341488096, 'SERIES': 0.0, 'TOPIC': 0.5734}",[],"['다크소울', '고민중독', '아이디어']",[],"[1.6448043173027425, 1.6448043173027425, 0.5734]","['플레이리스트', '브이로그', '플리', '먹방', '모음']","[10.445084341488096, 10.04235055883371, 9.873686709490261, 9.120266514199706, 8.83435318512114]",[],"['예고', '다크소울']",[],"[5.824363598380749, 5.824363598380749]",[],[]
{SERIES} {TOPIC} {EVENT},[예고] 다크소울 브이로그,"{'EVENT': '브이로그', 'SERIES': '예고', 'TOPIC': '다크소울'}","{'EVENT': 10.04235055883371, 'SERIES': 0.0, 'TOPIC': 1.6448043173027425}",[],"['다크소울', '고민중독', '아이디어']",[],"[1.6448043173027425, 1.6448043173027425, 0.5734]","['플레이리스트', '브이로그', '플리', '먹방', '모음']","[10.445084341488096, 10.04235055883371, 9.873686709490261, 9.120266514199706, 8.83435318512114]",[],"['예고', '다크소울']",[],"[5.824363598380749, 5.824363598380749]",[],[]
{SERIES} {TOPIC} {EVENT},[예고] 고민중독 브이로그,"{'EVENT': '브이로그', 'SERIES': '예고', 'TOPIC': '고민중독'}","{'EVENT': 10.04235055883371, 'SERIES': 0.0, 'TOPIC': 1.6448043173027425}",[],"['다크소울', '고민중독', '아이디어']",[],"[1.6448043173027425, 1.6448043173027425, 0.5734]","['플레이리스트', '브이로그', '플리', '먹방', '모음']","[10.445084341488096, 10.04235055883371, 9.873686709490261, 9.120266514199706, 8.83435318512114]",[],"['예고', '다크소울']",[],"[5.824363598380749, 5.824363598380749]",[],[]
{SERIES} {TOPIC} {EVENT},[예고] 아이디어 브이로그,"{'EVENT': '브이로그', 'SERIES': '예고', 'TOPIC': '아이디어'}","{'EVENT': 10.04235055883371, 'SERIES': 0.0, 'TOPIC': 0.5734}",[],"['다크소울', '고민중독', '아이디어']",[],"[1.6448043173027425, 1.6448043173027425, 0.5734]","['플레이리스트', '브이로그', '플리', '먹방', '모음']","[10.445084341488096, 10.04235055883371, 9.873686709490261, 9.120266514199706, 8.83435318512114]",[],"['예고', '다크소울']",[],"[5.824363598380749, 5.824363598380749]",[],[]
{SERIES} {TOPIC} {EVENT},[다크소울] 다크소울 브이로그,"{'EVENT': '브이로그', 'SERIES': '다크소울', 'TOPIC': '다크소울'}","{'EVENT': 10.04235055883371, 'SERIES': 0.0, 'TOPIC': 1.6448043173027425}",[],"['다크소울', '고민중독', '아이디어']",[],"[1.6448043173027425, 1.6448043173027425, 0.5734]","['플레이리스트', '브이로그', '플리', '먹방', '모음']","[10.445084341488096, 10.04235055883371, 9.873686709490261, 9.120266514199706, 8.83435318512114]",[],"['예고', '다크소울']",[],"[5.824363598380749, 5.824363598380749]",[],[]
{SERIES} {TOPIC} {EVENT},[다크소울] 고민중독 브이로그,"{'EVENT': '브이로그', 'SERIES': '다크소울', 'TOPIC': '고민중독'}","{'EVENT': 10.04235055883371, 'SERIES': 0.0, 'TOPIC': 1.6448043173027425}",[],"['다크소울', '고민중독', '아이디어']",[],"[1.6448043173027425, 1.6448043173027425, 0.5734]","['플레이리스트', '브이로그', '플리', '먹방', '모음']","[10.445084341488096, 10.04235055883371, 9.873686709490261, 9.120266514199706, 8.83435318512114]",[],"['예고', '다크소울']",[],"[5.824363598380749, 5.824363598380749]",[],[]
{SERIES} {TOPIC} {EVENT},[다크소울] 아이디어 브이로그,"{'EVENT': '브이로그', 'SERIES': '다크소울', 'TOPIC': '아이디어'}","{'EVENT': 10.04235055883371, 'SERIES': 0.0, 'TOPIC': 0.5734}",[],"['다크소울', '고민중독', '아이디어']",[],"[1.6448043173027425, 1.6448043173027425, 0.5734]","['플레이리스트', '브이로그', '플리', '먹방', '모음']","[10.445084341488096, 10.04235055883371, 9.873686709490261, 9.120266514199706, 8.83435318512114]",[],"['예고', '다크소울']",[],"[5.824363598380749, 5.824363598380749]",[],[]
{SERIES} {TOPIC} {EVENT},[예고] 다크소울 플리,"{'EVENT': '플리', 'SERIES': '예고', 'TOPIC': '다크소울'}","{'EVENT': 9.873686709490261, 'SERIES': 0.0, 'TOPIC': 1.6448043173027425}",[],"['다크소울', '고민중독', '아이디어']",[],"[1.6448043173027425, 1.6448043173027425, 0.5734]","['플레이리스트', '브이로그', '플리', '먹방', '모음']","[10.445084341488096, 10.04235055883371, 9.873686709490261, 9.120266514199706, 8.83435318512114]",[],"['예고', '다크소울']",[],"[5.824363598380749, 5.824363598380749]",[],[]
{SERIES} {TOPIC} {EVENT},[예고] 고민중독 플리,"{'EVENT': '플리', 'SERIES': '예고', 'TOPIC': '고민중독'}","{'EVENT': 9.873686709490261, 'SERIES': 0.0, 'TOPIC': 1.6448043173027425}",[],"['다크소울', '고민중독', '아이디어']",[],"[1.6448043173027425, 1.6448043173027425, 0.5734]","['플레이리스트', '브이로그', '플리', '먹방', '모음']","[10.445084341488096, 10.04235055883371, 9.873686709490261, 9.120266514199706, 8.83435318512114]",[],"['예고', '다크소울']",[],"[5.824363598380749, 5.824363598380749]",[],[]
{SERIES} {TOPIC} {EVENT},[예고] 아이디어 플리,"{'EVENT': '플리', 'SERIES': '예고', 'TOPIC': '아이디어'}","{'EVENT': 9.873686709490261, 'SERIES': 0.0, 'TOPIC': 0.5734}",[],"['다크소울', '고민중독', '아이디어']",[],"[1.6448043173027425, 1.6448043173027425, 0.5734]","['플레이리스트', '브이로그', '플리', '먹방', '모음']","[10.445084341488096, 10.04235055883371, 9.873686709490261, 9.120266514199706, 8.83435318512114]",[],"['예고', '다크소울']",[],"[5.824363598380749, 5.824363598380749]",[],[]
{SERIES} {TOPIC} {EVENT},[다크소울] 다크소울 플리,"{'EVENT': '플리', 'SERIES': '다크소울', 'TOPIC': '다크소울'}","{'EVENT': 9.873686709490261, 'SERIES': 0.0, 'TOPIC': 1.6448043173027425}",[],"['다크소울', '고민중독', '아이디어']",[],"[1.6448043173027425, 1.6448043173027425, 0.5734]","['플레이리스트', '브이로그', '플리', '먹방', '모음']","[10.445084341488096, 10.04235055883371, 9.873686709490261, 9.120266514199706, 8.83435318512114]",[],"['예고', '다크소울']",[],"[5.824363598380749, 5.824363598380749]",[],[]
{SERIES} {TOPIC} {EVENT},[다크소울] 고민중독 플리,"{'EVENT': '플리', 'SERIES': '다크소울', 'TOPIC': '고민중독'}","{'EVENT': 9.873686709490261, 'SERIES': 0.0, 'TOPIC': 1.6448043173027425}",[],"['다크소울', '고민중독', '아이디어']",[],"[1.6448043173027425, 1.6448043173027425, 0.5734]","['플레이리스트', '브이로그', '플리', '먹방', '모음']","[10.445084341488096, 10.04235055883371, 9.873686709490261, 9.120266514199706, 8.83435318512114]",[],"['예고', '다크소울']",[],"[5.824363598380749, 5.824363598380749]",[],[]
{SERIES} {TOPIC} {EVENT},[다크소울] 아이디어 플리,"{'EVENT': '플리', 'SERIES': '다크소울', 'TOPIC': '아이디어'}","{'EVENT': 9.873686709490261, 'SERIES': 0.0, 'TOPIC': 0.5734}",[],"['다크소울', '고민중독', '아이디어']",[],"[1.6448043173027425, 1.6448043173027425, 0.5734]","['플레이리스트', '브이로그', '플리', '먹방', '모음']","[10.445084341488096, 10.04235055883371, 9.873686709490261, 9.120266514199706, 8.83435318512114]",[],"['예고', '다크소울']",[],"[5.824363598380749, 5.824363598380749]",[],[]
{SERIES} {TOPIC} {EVENT},[예고] 다크소울 먹방,"{'EVENT': '먹방', 'SERIES': '예고', 'TOPIC': '다크소울'}","{'EVENT': 9.120266514199706, 'SERIES': 0.0, 'TOPIC': 1.6448043173027425}",[],"['다크소울', '고민중독', '아이디어']",[],"[1.6448043173027425, 1.6448043173027425, 0.5734]","['플레이리스트', '브이로그', '플리', '먹방', '모음']","[10.445084341488096, 10.04235055883371, 9.873686709490261, 9.120266514199706, 8.83435318512114]",[],"['예고', '다크소울']",[],"[5.824363598380749, 5.824363598380749]",[],[]
{SERIES} {TOPIC} {EVENT},[예고] 고민중독 먹방,"{'EVENT': '먹방', 'SERIES': '예고', 'TOPIC': '고민중독'}","{'EVENT': 9.120266514199706, 'SERIES': 0.0, 'TOPIC': 1.6448043173027425}",[],"['다크소울', '고민중독', '아이디어']",[],"[1.6448043173027425, 1.6448043173027425, 0.5734]","['플레이리스트', '브이로그', '플리', '먹방', '모음']","[10.445084341488096, 10.04235055883371, 9.873686709490261, 9.120266514199706, 8.83435318512114]",[],"['예고', '다크소울']",[],"[5.824363598380749, 5.824363598380749]",[],[]
{SERIES} {TOPIC} {EVENT},[예고] 아이디어 먹방,"{'EVENT': '먹방', 'SERIES': '예고', 'TOPIC': '아이디어'}","{'EVENT': 9.120266514199706, 'SERIES': 0.0, 'TOPIC': 0.5734}",[],"['다크소울', '고민중독', '아이디어']",[],"[1.6448043173027425, 1.6448043173027425, 0.5734]","['플레이리스트', '브이로그', '플리', '먹방', '모음']","[10.445084341488096, 10.04235055883371, 9.873686709490261, 9.120266514199706, 8.83435318512114]",[],"['예고', '다크소울']",[],"[5.824363598380749, 5.824363598380749]",[],[]
{SERIES} {TOPIC} {EVENT},[다크소울] 다크소울 먹방,"{'EVENT': '먹방', 'SERIES': '다크소울', 'TOPIC': '다크소울'}","{'EVENT': 9.120266514199706, 'SERIES': 0.0, 'TOPIC': 1.6448043173027425}",[],"['다크소울', '고민중독', '아이디어']",[],"[1.6448043173027425, 1.6448043173027425, 0.5734]","['플레이리스트', '브이로그', '플리', '먹방', '모음']","[10.445084341488096, 10.04235055883371, 9.873686709490261, 9.120266514199706, 8.83435318512114]",[],"['예고', '다크소울']",[],"[5.824363598380749, 5.824363598380749]",[],[]
{SERIES} {TOPIC} {EVENT},[다크소울] 고민중독 먹방,"{'EVENT': '먹방', 'SERIES': '다크소울', 'TOPIC': '고민중독'}","{'EVENT': 9.120266514199706, 'SERIES': 0.0, 'TOPIC': 1.6448043173027425}",[],"['다크소울', '고민중독', '아이디어']",[],"[1.6448043173027425, 1.6448043173027425, 0.5734]","['플레이리스트', '브이로그', '플리', '먹방', '모음']","[10.445084341488096, 10.04235055883371, 9.873686709490261, 9.120266514199706, 8.83435318512114]",[],"['예고', '다크소울']",[],"[5.824363598380749, 5.824363598380749]",[],[]
{SERIES} {TOPIC} {EVENT},[다크소울] 아이디어 먹방,"{'EVENT': '먹방', 'SERIES': '다크소울', 'TOPIC': '아이디어'}","{'EVENT': 9.120266514199706, 'SERIES': 0.0, 'TOPIC': 0.5734}",[],"['다크소울', '고민중독', '아이디어']",[],"[1.6448043173027425, 1.6448043173027425, 0.5734]","['플레이리스트', '브이로그', '플리', '먹방', '모음']","[10.445084341488096, 10.04235055883371, 9.873686709490261, 9.120266514199706, 8.83435318512114]",[],"['예고', '다크소울']",[],"[5.824363598380749, 5.824363598380749]",[],[]
{SERIES} {TOPIC} {EVENT},[예고] 다크소울 모음,"{'EVENT': '모음', 'SERIES': '예고', 'TOPIC': '다크소울'}","{'EVENT': 8.83435318512114, 'SERIES': 0.0, 'TOPIC': 1.6448043173027425}",[],"['다크소울', '고민중독', '아이디어']",[],"[1.6448043173027425, 1.6448043173027425, 0.5734]","['플레이리스트', '브이로그', '플리', '먹방', '모음']","[10.445084341488096, 10.04235055883371, 9.873686709490261, 9.120266514199706, 8.83435318512114]",[],"['예고', '다크소울']",[],"[5.824363598380749, 5.824363598380749]",[],[]
{SERIES} {TOPIC} {EVENT},[예고] 고민중독 모음,"{'EVENT': '모음', 'SERIES': '예고', 'TOPIC': '고민중독'}","{'EVENT': 8.83435318512114, 'SERIES': 0.0, 'TOPIC': 1.6448043173027425}",[],"['다크소울', '고민중독', '아이디어']",[],"[1.6448043173027425, 1.6448043173027425, 0.5734]","['플레이리스트', '브이로그', '플리', '먹방', '모음']","[10.445084341488096, 10.04235055883371, 9.873686709490261, 9.120266514199706, 8.83435318512114]",[],"['예고', '다크소울']",[],"[5.824363598380749, 5.824363598380749]",[],[]
{SERIES} {TOPIC} {EVENT},[예고] 아이디어 모음,"{'EVENT': '모음', 'SERIES': '예고', 'TOPIC': '아이디어'}","{'EVENT': 8.83435318512114, 'SERIES': 0.0, 'TOPIC': 0.5734}",[],"['다크소울', '고민중독', '아이디어']",[],"[1.6448043173027425, 1.6448043173027425, 0.5734]","['플레이리스트', '브이로그', '플리', '먹방', '모음']","[10.445084341488096, 10.04235055883371, 9.873686709490261, 9.120266514199706, 8.83435318512114]",[],"['예고', '다크소울']",[],"[5.824363598380749, 5.824363598380749]",[],[]
{SERIES} {TOPIC} {EVENT},[다크소울] 다크소울 모음,"{'EVENT': '모음', 'SERIES': '다크소울', 'TOPIC': '다크소울'}","{'EVENT': 8.83435318512114, 'SERIES': 0.0, 'TOPIC': 1.6448043173027425}",[],"['다크소울', '고민중독', '아이디어']",[],"[1.6448043173027425, 1.6448043173027425, 0.5734]","['플레이리스트', '브이로그', '플리', '먹방', '모음']","[10.445084341488096, 10.04235055883371, 9.873686709490261, 9.120266514199706, 8.83435318512114]",[],"['예고', '다크소울']",[],"[5.824363598380749, 5.824363598380749]",[],[]
{SERIES} {TOPIC} {EVENT},[다크소울] 고민중독 모음,"{'EVENT': '모음', 'SERIES': '다크소울', 'TOPIC': '고민중독'}","{'EVENT': 8.83435318512114, 'SERIES': 0.0, 'TOPIC': 1.6448043173027425}",[],"['다크소울', '고민중독', '아이디어']",[],"[1.6448043173027425, 1.6448043173027425, 0.5734]","['플레이리스트', '브이로그', '플리', '먹방', '모음']","[10.445084341488096, 10.04235055883371, 9.873686709490261, 9.120266514199706, 8.83435318512114]",[],"['예고', '다크소울']",[],"[5.824363598380749, 5.824363598380749]",[],[]
{SERIES} {TOPIC} {EVENT},[다크소울] 아이디어 모음,"{'EVENT': '모음', 'SERIES': '다크소울', 'TOPIC': '아이디어'}","{'EVENT': 8.83435318512114, 'SERIES': 0.0, 'TOPIC': 0.5734}",[],"['다크소울', '고민중독', '아이디어']",[],"[1.6448043173027425, 1.6448043173027425, 0.5734]","['플레이리스트', '브이로그', '플리', '먹방', '모음']","[10.445084341488096, 10.04235055883371, 9.873686709490261, 9.120266514199706, 8.83435318512114]",[],"['예고', '다크소울']",[],"[5.824363598380749, 5.824363598380749]",[],[]
{SERIES} {SITUATION} {TOPIC} {REACTION},[무공해] 퇴사마려운 직장인 레전드,"{'REACTION': '레전드', 'SITUATION': '퇴사마려운', 'SERIES': '무공해', 'TOPIC': '직장인'}","{'REACTION': 8.07397087458222, 'SITUATION': 0.6717, 'SERIES': 0.0, 'TOPIC': 5.592622266816767}",['퇴사마려운'],"['직장인', '귀여움 잔치', '빌런']",[0.6717],"[5.592622266816767, 0.5709, 0.2]",[],[],[],"['무공해', '웃소', 'I(D)-CUT']",[],"[15.738435410552935, 0.6439, 0.25]","['레전드', '공감', '귀여움']","[8.07397087458222, 8.07397087458222, 3.4]"
{SERIES} {SITUATION} {TOPIC} {REACTION},[무공해] 퇴사마려운 귀여움 잔치 레전드,"{'REACTION': '레전드', 'SITUATION': '퇴사마려운', 'SERIES': '무공해', 'TOPIC': '귀여움 잔치'}","{'REACTION': 8.07397087458222, 'SITUATION': 0.6717, 'SERIES': 0.0, 'TOPIC': 0.5709}",['퇴사마려운'],"['직장인', '귀여움 잔치', '빌런']",[0.6717],"[5.592622266816767, 0.5709, 0.2]",[],[],[],"['무공해', '웃소', 'I(D)-CUT']",[],"[15.738435410552935, 0.6439, 0.25]","['레전드', '공감', '귀여움']","[8.07397087458222, 8.07397087458222, 3.4]"
{SERIES} {SITUATION} {TOPIC} {REACTION},[무공해] 퇴사마려운 빌런 레전드,"{'REACTION': '레전드', 'SITUATION': '퇴사마려운', 'SERIES': '무공해', 'TOPIC': '빌런'}","{'REACTION': 8.07397087458222, 'SITUATION': 0.6717, 'SERIES': 0.0, 'TOPIC': 0.2}",['퇴사마려운'],"['직장인', '귀여움 잔치', '빌런']",[0.6717],"[5.592622266816767, 0.5709, 0.2]",[],[],[],"['무공해', '웃소', 'I(D)-CUT']",[],"[15.738435410552935, 0.6439, 0.25]","['레전드', '공감', '귀여움']","[8.07397087458222, 8.07397087458222, 3.4]"
{SERIES} {SITUATION} {TOPIC} {REACTION},[웃소] 퇴사마려운 직장인 레전드,"{'REACTION': '레전드', 'SITUATION': '퇴사마려운', 'SERIES': '웃소', 'TOPIC': '직장인'}","{'REACTION': 8.07397087458222, 'SITUATION': 0.6717, 'SERIES': 0.0, 'TOPIC': 5.592622266816767}",['퇴사마려운'],"['직장인', '귀여움 잔치', '빌런']",[0.6717],"[5.592622266816767, 0.5709, 0.2]",[],[],[],"['무공해', '웃소', 'I(D)-CUT']",[],"[15.738435410552935, 0.6439, 0.25]","['레전드', '공감', '귀여움']","[8.07397087458222, 8.07397087458222, 3.4]"
{SERIES} {SITUATION} {TOPIC} {REACTION},[웃소] 퇴사마려운 귀여움 잔치 레전드,"{'REACTION': '레전드', 'SITUATION': '퇴사마려운', 'SERIES': '웃소', 'TOPIC': '귀여움 잔치'}","{'REACTION': 8.07397087458222, 'SITUATION': 0.6717, 'SERIES': 0.0, 'TOPIC': 0.5709}",['퇴사마려운'],"['직장인', '귀여움 잔치', '빌런']",[0.6717],"[5.592622266816767, 0.5709, 0.2]",[],[],[],"['무공해', '웃소', 'I(D)-CUT']",[],"[15.738435410552935, 0.6439, 0.25]","['레전드', '공감', '귀여움']","[8.07397087458222, 8.07397087458222, 3.4]"
{SERIES} {SITUATION} {TOPIC} {REACTION},[웃소] 퇴사마려운 빌런 레전드,"{'REACTION': '레전드', 'SITUATION': '퇴사마려운', 'SERIES': '웃소', 'TOPIC': '빌런'}","{'REACTION': 8.07397087458222, 'SITUATION': 0.6717, 'SERIES': 0.0, 'TOPIC': 0.2}",['퇴사마려운'],"['직장인', '귀여움 잔치', '빌런']",[0.6717],"[5.592622266816767, 0.5709, 0.2]",[],[],[],"['무공해', '웃소', 'I(D)-CUT']",[],"[15.738435410552935, 0.6439, 0.25]","['레전드', '공감', '귀여움']","[8.07397087458222, 8.07397087458222, 3.4]"
{SERIES} {SITUATION} {TOPIC} {REACTION},[I(D)-CUT] 퇴사마려운 직장인 레전드,"{'REACTION': '레전드', 'SITUATION': '퇴사마려운', 'SERIES': 'I(D)-CUT', 'TOPIC': '직장인'}","{'REACTION': 8.07397087458222, 'SITUATION': 0.6717, 'SERIES': 0.0, 'TOPIC': 5.592622266816767}",['퇴사마려운'],"['직장인', '귀여움 잔치', '빌런']",[0.6717],"[5.592622266816767, 0.5709, 0.2]",[],[],[],"['무공해', '웃소', 'I(D)-CUT']",[],"[15.738435410552935, 0.6439, 0.25]","['레전드', '공감', '귀여움']","[8.07397087458222, 8.07397087458222, 3.4]"
{SERIES} {SITUATION} {TOPIC} {REACTION},[I(D)-CUT] 퇴사마려운 귀여움 잔치 레전드,"{'REACTION': '레전드', 'SITUATION': '퇴사마려운', 'SERIES': 'I(D)-CUT', 'TOPIC': '귀여움 잔치'}","{'REACTION': 8.07397087458222, 'SITUATION': 0.6717, 'SERIES': 0.0, 'TOPIC': 0.5709}",['퇴사마려운'],"['직장인', '귀여움 잔치', '빌런']",[0.6717],"[5.592622266816767, 0.5709, 0.2]",[],[],[],"['무공해', '웃소', 'I(D)-CUT']",[],"[15.738435410552935, 0.6439, 0.25]","['레전드', '공감', '귀여움']","[8.07397087458222, 8.07397087458222, 3.4]"
{SERIES} {SITUATION} {TOPIC} {REACTION},[I(D)-CUT] 퇴사마려운 빌런 레전드,"{'REACTION': '레전드', 'SITUATION': '퇴사마려운', 'SERIES': 'I(D)-CUT', 'TOPIC': '빌런'}","{'REACTION': 8.07397087458222, 'SITUATION': 0.6717, 'SERIES': 0.0, 'TOPIC': 0.2}",['퇴사마려운'],"['직장인', '귀여움 잔치', '빌런']",[0.6717],"[5.592622266816767, 0.5709, 0.2]",[],[],[],"['무공해', '웃소', 'I(D)-CUT']",[],"[15.738435410552935, 0.6439, 0.25]","['레전드', '공감', '귀여움']","[8.07397087458222, 8.07397087458222, 3.4]"
{SERIES} {SITUATION} {TOPIC} {REACTION},[무공해] 퇴사마려운 직장인 공감,"{'REACTION': '공감', 'SITUATION': '퇴사마려운', 'SERIES': '무공해', 'TOPIC': '직장인'}","{'REACTION': 8.07397087458222, 'SITUATION': 0.6717, 'SERIES': 0.0, 'TOPIC': 5.592622266816767}",['퇴사마려운'],"['직장인', '귀여움 잔치', '빌런']",[0.6717],"[5.592622266816767, 0.5709, 0.2]",[],[],[],"['무공해', '웃소', 'I(D)-CUT']",[],"[15.738435410552935, 0.6439, 0.25]","['레전드', '공감', '귀여움']","[8.07397087458222, 8.07397087458222, 3.4]"
{SERIES} {SITUATION} {TOPIC} {REACTION},[무공해] 퇴사마려운 귀여움 잔치 공감,"{'REACTION': '공감', 'SITUATION': '퇴사마려운', 'SERIES': '무공해', 'TOPIC': '귀여움 잔치'}","{'REACTION': 8.07397087458222, 'SITUATION': 0.6717, 'SERIES': 0.0, 'TOPIC': 0.5709}",['퇴사마려운'],"['직장인', '귀여움 잔치', '빌런']",[0.6717],"[5.592622266816767, 0.5709, 0.2]",[],[],[],"['무공해', '웃소', 'I(D)-CUT']",[],"[15.738435410552935, 0.6439, 0.25]","['레전드', '공감', '귀여움']","[8.07397087458222, 8.07397087458222, 3.4]"
{SERIES} {SITUATION} {TOPIC} {REACTION},[무공해] 퇴사마려운 빌런 공감,"{'REACTION': '공감', 'SITUATION': '퇴사마려운', 'SERIES': '무공해', 'TOPIC': '빌런'}","{'REACTION': 8.07397087458222, 'SITUATION': 0.6717, 'SERIES': 0.0, 'TOPIC': 0.2}",['퇴사마려운'],"['직장인', '귀여움 잔치', '빌런']",[0.6717],"[5.592622266816767, 0.5709, 0.2]",[],[],[],"['무공해', '웃소', 'I(D)-CUT']",[],"[15.738435410552935, 0.6439, 0.25]","['레전드', '공감', '귀여움']","[8.07397087458222, 8.07397087458222, 3.4]"
{SERIES} {SITUATION} {TOPIC} {REACTION},[웃소] 퇴사마려운 직장인 공감,"{'REACTION': '공감', 'SITUATION': '퇴사마려운', 'SERIES': '웃소', 'TOPIC': '직장인'}","{'REACTION': 8.07397087458222, 'SITUATION': 0.6717, 'SERIES': 0.0, 'TOPIC': 5.592622266816767}",['퇴사마려운'],"['직장인', '귀여움 잔치', '빌런']",[0.6717],"[5.592622266816767, 0.5709, 0.2]",[],[],[],"['무공해', '웃소', 'I(D)-CUT']",[],"[15.738435410552935, 0.6439, 0.25]","['레전드', '공감', '귀여움']","[8.07397087458222, 8.07397087458222, 3.4]"
{SERIES} {SITUATION} {TOPIC} {REACTION},[웃소] 퇴사마려운 귀여움 잔치 공감,"{'REACTION': '공감', 'SITUATION': '퇴사마려운', 'SERIES': '웃소', 'TOPIC': '귀여움 잔치'}","{'REACTION': 8.07397087458222, 'SITUATION': 0.6717, 'SERIES': 0.0, 'TOPIC': 0.5709}",['퇴사마려운'],"['직장인', '귀여움 잔치', '빌런']",[0.6717],"[5.592622266816767, 0.5709, 0.2]",[],[],[],"['무공해', '웃소', 'I(D)-CUT']",[],"[15.738435410552935, 0.6439, 0.25]","['레전드', '공감', '귀여움']","[8.07397087458222, 8.07397087458222, 3.4]"
{SERIES} {SITUATION} {TOPIC} {REACTION},[웃소] 퇴사마려운 빌런 공감,"{'REACTION': '공감', 'SITUATION': '퇴사마려운', 'SERIES': '웃소', 'TOPIC': '빌런'}","{'REACTION': 8.07397087458222, 'SITUATION': 0.6717, 'SERIES': 0.0, 'TOPIC': 0.2}",['퇴사마려운'],"['직장인', '귀여움 잔치', '빌런']",[0.6717],"[5.592622266816767, 0.5709, 0.2]",[],[],[],"['무공해', '웃소', 'I(D)-CUT']",[],"[15.738435410552935, 0.6439, 0.25]","['레전드', '공감', '귀여움']","[8.07397087458222, 8.07397087458222, 3.4]"
{SERIES} {SITUATION} {TOPIC} {REACTION},[I(D)-CUT] 퇴사마려운 직장인 공감,"{'REACTION': '공감', 'SITUATION': '퇴사마려운', 'SERIES': 'I(D)-CUT', 'TOPIC': '직장인'}","{'REACTION': 8.07397087458222, 'SITUATION': 0.6717, 'SERIES': 0.0, 'TOPIC': 5.592622266816767}",['퇴사마려운'],"['직장인', '귀여움 잔치', '빌런']",[0.6717],"[5.592622266816767, 0.5709, 0.2]",[],[],[],"['무공해', '웃소', 'I(D)-CUT']",[],"[15.738435410552935, 0.6439, 0.25]","['레전드', '공감', '귀여움']","[8.07397087458222, 8.07397087458222, 3.4]"
{SERIES} {SITUATION} {TOPIC} {REACTION},[I(D)-CUT] 퇴사마려운 귀여움 잔치 공감,"{'REACTION': '공감', 'SITUATION': '퇴사마려운', 'SERIES': 'I(D)-CUT', 'TOPIC': '귀여움 잔치'}","{'REACTION': 8.07397087458222, 'SITUATION': 0.6717, 'SERIES': 0.0, 'TOPIC': 0.5709}",['퇴사마려운'],"['직장인', '귀여움 잔치', '빌런']",[0.6717],"[5.592622266816767, 0.5709, 0.2]",[],[],[],"['무공해', '웃소', 'I(D)-CUT']",[],"[15.738435410552935, 0.6439, 0.25]","['레전드', '공감', '귀여움']","[8.07397087458222, 8.07397087458222, 3.4]"
{SERIES} {SITUATION} {TOPIC} {REACTION},[I(D)-CUT] 퇴사마려운 빌런 공감,"{'REACTION': '공감', 'SITUATION': '퇴사마려운', 'SERIES': 'I(D)-CUT', 'TOPIC': '빌런'}","{'REACTION': 8.07397087458222, 'SITUATION': 0.6717, 'SERIES': 0.0, 'TOPIC': 0.2}",['퇴사마려운'],"['직장인', '귀여움 잔치', '빌런']",[0.6717],"[5.592622266816767, 0.5709, 0.2]",[],[],[],"['무공해', '웃소', 'I(D)-CUT']",[],"[15.738435410552935, 0.6439, 0.25]","['레전드', '공감', '귀여움']","[8.07397087458222, 8.07397087458222, 3.4]"
{SERIES} {SITUATION} {TOPIC} {REACTION},[무공해] 퇴사마려운 직장인 귀여움,"{'REACTION': '귀여움', 'SITUATION': '퇴사마려운', 'SERIES': '무공해', 'TOPIC': '직장인'}","{'REACTION': 3.4, 'SITUATION': 0.6717, 'SERIES': 0.0, 'TOPIC': 5.592622266816767}",['퇴사마려운'],"['직장인', '귀여움 잔치', '빌런']",[0.6717],"[5.592622266816767, 0.5709, 0.2]",[],[],[],"['무공해', '웃소', 'I(D)-CUT']",[],"[15.738435410552935, 0.6439, 0.25]","['레전드', '공감', '귀여움']","[8.07397087458222, 8.07397087458222, 3.4]"
{SERIES} {SITUATION} {TOPIC} {REACTION},[무공해] 퇴사마려운 귀여움 잔치 귀여움,"{'REACTION': '귀여움', 'SITUATION': '퇴사마려운', 'SERIES': '무공해', 'TOPIC': '귀여움 잔치'}","{'REACTION': 3.4, 'SITUATION': 0.6717, 'SERIES': 0.0, 'TOPIC': 0.5709}",['퇴사마려운'],"['직장인', '귀여움 잔치', '빌런']",[0.6717],"[5.592622266816767, 0.5709, 0.2]",[],[],[],"['무공해', '웃소', 'I(D)-CUT']",[],"[15.738435410552935, 0.6439, 0.25]","['레전드', '공감', '귀여움']","[8.07397087458222, 8.07397087458222, 3.4]"
{SERIES} {SITUATION} {TOPIC} {REACTION},[무공해] 퇴사마려운 빌런 귀여움,"{'REACTION': '귀여움', 'SITUATION': '퇴사마려운', 'SERIES': '무공해', 'TOPIC': '빌런'}","{'REACTION': 3.4, 'SITUATION': 0.6717, 'SERIES': 0.0, 'TOPIC': 0.2}",['퇴사마려운'],"['직장인', '귀여움 잔치', '빌런']",[0.6717],"[5.592622266816767, 0.5709, 0.2]",[],[],[],"['무공해', '웃소', 'I(D)-CUT']",[],"[15.738435410552935, 0.6439, 0.25]","['레전드', '공감', '귀여움']","[8.07397087458222, 8.07397087458222, 3.4]"
{SERIES} {SITUATION} {TOPIC} {REACTION},[웃소] 퇴사마려운 직장인 귀여움,"{'REACTION': '귀여움', 'SITUATION': '퇴사마려운', 'SERIES': '웃소', 'TOPIC': '직장인'}","{'REACTION': 3.4, 'SITUATION': 0.6717, 'SERIES': 0.0, 'TOPIC': 5.592622266816767}",['퇴사마려운'],"['직장인', '귀여움 잔치', '빌런']",[0.6717],"[5.592622266816767, 0.5709, 0.2]",[],[],[],"['무공해', '웃소', 'I(D)-CUT']",[],"[15.738435410552935, 0.6439, 0.25]","['레전드', '공감', '귀여움']","[8.07397087458222, 8.07397087458222, 3.4]"
{SERIES} {SITUATION} {TOPIC} {REACTION},[웃소] 퇴사마려운 귀여움 잔치 귀여움,"{'REACTION': '귀여움', 'SITUATION': '퇴사마려운', 'SERIES': '웃소', 'TOPIC': '귀여움 잔치'}","{'REACTION': 3.4, 'SITUATION': 0.6717, 'SERIES': 0.0, 'TOPIC': 0.5709}",['퇴사마려운'],"['직장인', '귀여움 잔치', '빌런']",[0.6717],"[5.592622266816767, 0.5709, 0.2]",[],[],[],"['무공해', '웃소', 'I(D)-CUT']",[],"[15.738435410552935, 0.6439, 0.25]","['레전드', '공감', '귀여움']","[8.07397087458222, 8.07397087458222, 3.4]"
{SERIES} {SITUATION} {TOPIC} {REACTION},[웃소] 퇴사마려운 빌런 귀여움,"{'REACTION': '귀여움', 'SITUATION': '퇴사마려운', 'SERIES': '웃소', 'TOPIC': '빌런'}","{'REACTION': 3.4, 'SITUATION': 0.6717, 'SERIES': 0.0, 'TOPIC': 0.2}",['퇴사마려운'],"['직장인', '귀여움 잔치', '빌런']",[0.6717],"[5.592622266816767, 0.5709, 0.2]",[],[],[],"['무공해', '웃소', 'I(D)-CUT']",[],"[15.738435410552935, 0.6439, 0.25]","['레전드', '공감', '귀여움']","[8.07397087458222, 8.07397087458222, 3.4]"
{SERIES} {SITUATION} {TOPIC} {REACTION},[I(D)-CUT] 퇴사마려운 직장인 귀여움,"{'REACTION': '귀여움', 'SITUATION': '퇴사마려운', 'SERIES': 'I(D)-CUT', 'TOPIC': '직장인'}","{'REACTION': 3.4, 'SITUATION': 0.6717, 'SERIES': 0.0, 'TOPIC': 5.592622266816767}",['퇴사마려운'],"['직장인', '귀여움 잔치', '빌런']",[0.6717],"[5.592622266816767, 0.5709, 0.2]",[],[],[],"['무공해', '웃소', 'I(D)-CUT']",[],"[15.738435410552935, 0.6439, 0.25]","['레전드', '공감', '귀여움']","[8.07397087458222, 8.07397087458222, 3.4]"
{SERIES} {SITUATION} {TOPIC} {REACTION},[I(D)-CUT] 퇴사마려운 귀여움 잔치 귀여움,"{'REACTION': '귀여움', 'SITUATION': '퇴사마려운', 'SERIES': 'I(D)-CUT', 'TOPIC': '귀여움 잔치'}","{'REACTION': 3.4, 'SITUATION': 0.6717, 'SERIES': 0.0, 'TOPIC': 0.5709}",['퇴사마려운'],"['직장인', '귀여움 잔치', '빌런']",[0.6717],"[5.592622266816767, 0.5709, 0.2]",[],[],[],"['무공해', '웃소', 'I(D)-CUT']",[],"[15.738435410552935, 0.6439, 0.25]","['레전드', '공감', '귀여움']","[8.07397087458222, 8.07397087458222, 3.4]"
{SERIES} {SITUATION} {TOPIC} {REACTION},[I(D)-CUT] 퇴사마려운 빌런 귀여움,"{'REACTION': '귀여움', 'SITUATION': '퇴사마려운', 'SERIES': 'I(D)-CUT', 'TOPIC': '빌런'}","{'REACTION': 3.4, 'SITUATION': 0.6717, 'SERIES': 0.0, 'TOPIC': 0.2}",['퇴사마려운'],"['직장인', '귀여움 잔치', '빌런']",[0.6717],"[5.592622266816767, 0.5709, 0.2]",[],[],[],"['무공해', '웃소', 'I(D)-CUT']",[],"[15.738435410552935, 0.6439, 0.25]","['레전드', '공감', '귀여움']","[8.07397087458222, 8.07397087458222, 3.4]"
